책이름,저자,출판사,출간일,가격
불편한 편의점,김호연,나무옆의자,2021년 04월,"12,600"
불편한 편의점 2,김호연,나무옆의자,2022년 08월,"12,600"
아버지의 해방일지,정지아,창비,2022년 09월,"13,500"
메리골드 마음 세탁소,윤정은,북로망스,2023년 03월,"13,500"
황금종이 1,조정래,해냄,2023년 11월,"16,650"
작별하지 않는다,한강,문학동네,2021년 09월,"12,600"
황금종이 2,조정래,해냄,2023년 11월,"16,650"
모순,양귀자,쓰다,2013년 04월,"11,700"
아주 희미한 빛으로도,최은영,문학동네,2023년 08월,"15,120"
구의 증명,최진영,은행나무,2023년 04월,"10,800"
하얼빈,김훈,문학동네,2022년 08월,"14,400"
파견자들,김초엽,퍼블리온,2023년 10월,"17,100"
달러구트 꿈 백화점 ,이미예,팩토리나인,2020년 07월,"12,420"
비가 오면 열리는 상점 (윈터 에디션),유영광,클레이하우스,2023년 06월,"15,120"
작별인사,김영하,복복서가,2022년 09월,"12,600"
"어서 오세요, 휴남동 서점입니다",황보름,클레이하우스,2022년 01월,"13,500"
이토록 평범한 미래,김연수,문학동네,2022년 10월,"12,600"
구의 증명,최진영,은행나무,2015년 03월,"7,200"
달러구트 꿈 백화점 2 (레인보우 에디션),이미예,팩토리나인,2021년 07월,"12,420"
지구 끝의 온실,김초엽,자이언트북스,2021년 08월,"13,500"
밝은 밤,최은영,문학동네,2021년 07월,"13,950"
"칵테일, 러브, 좀비",조예은,안전가옥,2020년 04월,"11,700"
2023 제14회 젊은작가상 수상작품집,이미상,문학동네,2023년 04월,"6,930"
소년이 온다,한강,창비,2014년 05월,"13,500"
스파이 외전,민경우,투나미스,2023년 11월,"15,750"
회색 인간,김동식,요다,2017년 12월,"11,700"
"설자은, 금성으로 돌아오다",정세랑,문학동네,2023년 10월,"15,120"
너무나 많은 여름이,김연수,레제,2023년 06월,"14,400"
우리가 빛의 속도로 갈 수 없다면,김초엽,허블,2019년 06월,"12,600"
단 한 사람,최진영,한겨레출판,2023년 09월,"13,500"
고래,천명관,문학동네,2004년 12월,"13,500"
천 개의 파랑,천선란,허블,2020년 08월,"12,600"
풍수전쟁,김진명,이타북스,2023년 05월,"15,120"
채식주의자,한강,창비,2022년 03월,"13,500"
훌훌,문경민,문학동네,2022년 02월,"11,250"
한국단편소설 40,성낙수,리베르,2012년 11월,"15,120"
난장이가 쏘아올린 작은 공,조세희,이성과 힘,2000년 07월,"11,700"
사랑의 이해,이혁진,민음사,2019년 04월,"13,500"
눈부신 안부,백수린,문학동네,2023년 05월,"14,400"
각각의 계절,권여선,문학동네,2023년 05월,"13,500"
홍학의 자리,정해연,엘릭시르,2021년 07월,"12,600"
장하리,추미애,해피스토리,2023년 11월,"19,800"
[예스리커버] 가녀장의 시대,이슬아,이야기장수,2022년 10월,"13,500"
파과,구병모,위즈덤하우스,2018년 04월,"12,600"
나는 소망한다 내게 금지된 것을,양귀자,쓰다,2019년 04월,"13,500"
아가미,구병모,위즈덤하우스,2018년 03월,"11,700"
종의 기원,정유정,은행나무,2016년 05월,"11,700"
고래 ,천명관,문학동네,2023년 05월,"14,850"
"시선으로부터,",정세랑,문학동네,2020년 06월,"12,600"
지구에서 한아뿐,정세랑,난다,2019년 07월,"11,700"
달의 아이,최윤석,포레스트북스,2023년 09월,"15,300"
연수,장류진,창비,2023년 06월,"15,120"
저주토끼 ,정보라,래빗홀,2023년 04월,"14,220"
아몬드,손원평,다즐링,2023년 07월,"15,120"
환상서점 ,소서림,해피북스투유,2023년 02월,"13,950"
[최근담] 가꾸는 이의 즐거움,이유리,예스이십사,2022년 04월,0
홈 스위트 홈,최진영,문학사상,2023년 02월,"13,950"
요괴어사,설민석,단꿈아이,2023년 04월,"16,200"
바깥은 여름,김애란,문학동네,2017년 06월,"13,050"
푸틴을 죽이는 완벽한 방법,김진명,이타북스,2023년 09월,"16,920"
해가 지는 곳으로,최진영,민음사,2017년 06월,"12,600"
사서함 110호의 우편물,이도우,수박설탕,2022년 07월,"15,300"
쇼코의 미소,최은영,문학동네,2016년 07월,"13,050"
이끼숲,천선란,자이언트북스,2023년 05월,"14,220"
살인자의 기억법,김영하,복복서가,2020년 08월,"9,000"
피프티 피플,정세랑,창비,2021년 08월,"12,600"
연남동 빙굴빙굴 빨래방,김지윤,팩토리나인,2023년 08월,"15,120"
테스터,이희영,허블,2022년 11월,"12,600"
위저드 베이커리,구병모,창비,2022년 03월,"12,600"
트로피컬 나이트,조예은,한겨레출판,2022년 08월,"13,500"
여름의 빌라,백수린,문학동네,2020년 07월,"13,320"
망원동 브라더스,김호연,나무옆의자,2013년 07월,"11,700"
마당이 있는 집,김진영,엘릭시르,2018년 04월,"12,420"
파쇄,구병모,위즈덤하우스,2023년 03월,"11,700"
인생 박물관,김동식,요다,2023년 03월,"13,500"
전지적 독자 시점 PART 1 - 01,싱숑,비채,2022년 01월,"12,150"
죽이고 싶은 아이,이꽃님,우리학교,2021년 10월,"12,600"
흥화진의 별들,민강,역바연,2022년 12월,"15,300"
검은 꽃,김영하,복복서가,2020년 07월,"9,900"
새의 선물,은희경,문학동네,2022년 06월,"14,400"
전지적 독자 시점 PART 1 - 02,싱숑,비채,2022년 01월,"12,150"
유괴의 날,정해연,시공사,2019년 07월,"15,300"
완전한 행복,정유정,은행나무,2021년 06월,"14,220"
전지적 독자 시점 PART 1 - 08,싱숑,비채,2022년 01월,"12,150"
전지적 독자 시점 PART 1 - 07,싱숑,비채,2022년 01월,"12,150"
전지적 독자 시점 PART 1 - 03,싱숑,비채,2022년 01월,"12,150"
아몬드,손원평,창비,2017년 03월,"12,600"
땀 흘리는 소설,김혜진,창비교육,2019년 03월,"13,500"
전지적 독자 시점 PART 1 - 05,싱숑,비채,2022년 01월,"12,150"
그 많던 싱아는 누가 다 먹었을까,박완서,웅진지식하우스,2021년 01월,"11,700"
전지적 독자 시점 PART 1 - 06,싱숑,비채,2022년 01월,"12,150"
전지적 독자 시점 PART 1 - 04,싱숑,비채,2022년 01월,"12,150"
기억을 넘어 너에게 갈게,양은애,토마토출판사,2023년 01월,"11,700"
원미동 사람들,양귀자,쓰다,2012년 12월,"11,700"
[최근담] 그래머블 제로 Grammable zero,박서련,예스이십사,2022년 05월,0
고려거란전쟁 (상),길승수,들녘,2023년 11월,"16,200"
소설 보다 : 봄 2023,강보라,문학과지성사,2023년 03월,"3,150"
순이 삼촌,현기영,창비,2015년 03월,"14,400"
탱크,김희재,한겨레출판,2023년 07월,"13,500"
한국고전소설 40,권정현,리베르,2013년 01월,"15,120"
내게 무해한 사람,최은영,문학동네,2018년 06월,"13,050"
소설 보다 : 여름 2023,공현진,문학과지성사,2023년 06월,"3,150"
고려거란전쟁 (하),길승수,들녘,2023년 11월,"16,200"
[예스리커버] 천 개의 파랑,천선란,허블,2022년 11월,"12,600"
세계를 건너 너에게 갈게,이꽃님,문학동네,2020년 11월,"12,600"
재벌집 막내아들 1,산경,테라코타,2022년 11월,"15,300"
재벌집 막내아들 2,산경,테라코타,2022년 11월,"15,300"
재벌집 막내아들 5,산경,테라코타,2022년 11월,"15,300"
재벌집 막내아들 3,산경,테라코타,2022년 11월,"15,300"
튜브,손원평,창비,2022년 07월,"13,500"
범도 1,방현석,문학동네,2023년 06월,"18,000"
크리스마스 타일,김금희,창비,2022년 11월,"13,500"
방금 떠나온 세계,김초엽,한겨레출판,2021년 10월,"13,500"
소설 보다 : 가을 2023,김지연,문학과지성사,2023년 09월,"3,150"
재벌집 막내아들 4,산경,테라코타,2022년 11월,"15,300"
지켜야 할 세계,문경민,다산책방,2023년 10월,"15,300"
칼의 노래,김훈,문학동네,2014년 01월,"13,500"
유령의 마음으로,임선우,민음사,2022년 03월,"11,700"
급류,정대건,민음사,2022년 12월,"12,600"
책들의 부엌,김지혜,팩토리나인,2022년 05월,"13,050"
범도 2,방현석,문학동네,2023년 06월,"18,000"
느티나무 수호대,김중미,돌베개,2023년 03월,"12,600"
아홉수 가위,범유진,안전가옥,2021년 10월,"11,700"
7년의 밤,정유정,은행나무,2011년 03월,"13,050"
한국단편소설 70,박완서,리베르,2013년 01월,"15,120"
알래스카 한의원,이소영,사계절,2023년 03월,"13,500"
돌이킬 수 있는,문목하,아작,2018년 12월,"13,320"
무진기행,김승옥,민음사,2007년 08월,"9,000"
빨치산의 딸 1,정지아,필맥,2005년 05월,"8,550"
고통에 관하여,정보라,다산책방,2023년 08월,"16,200"
빨치산의 딸 2,정지아,필맥,2005년 05월,"8,550"
경우 없는 세계,백온유,창비,2023년 03월,"13,500"
페퍼민트,백온유,창비,2022년 07월,"12,600"
우리가 겨울을 지나온 방식,문미순,나무옆의자,2023년 05월,"12,600"
있을 법한 모든 것,구병모,문학동네,2023년 07월,"13,500"
날씨가 좋으면 찾아가겠어요,이도우,수박설탕,2023년 11월,"15,300"
랑과 나의 사막,천선란,현대문학,2022년 10월,"11,700"
어느 날 내가 죽었습니다,이경혜,바람의아이들,2004년 04월,"12,600"
페인트,이희영,창비,2019년 11월,"12,600"
아홉살 인생,위기철,현북스,2020년 05월,"10,800"
비행운,김애란,문학과지성사,2012년 07월,"10,800"
테디베어는 죽지 않아,조예은,안전가옥,2023년 06월,"15,030"
내게 남은 사랑을 드릴게요,이유리,자이언트북스,2023년 01월,"14,220"
젓가락 달인,유타루,바람의아이들,2014년 06월,"11,700"
소설 보다 : 겨울 2023,김기태,문학과지성사,2023년 12월,"3,150"
나인,천선란,창비,2021년 11월,"13,500"
2023 김승옥문학상 수상작품집,권여선,문학동네,2023년 10월,"10,800"
[예스리커버] 트로피컬 나이트,조예은,한겨레출판,2023년 08월,"13,500"
날씨가 좋으면 찾아가겠어요,이도우,시공사,2018년 07월,"12,420"
날개,이상,문학과지성사,2005년 04월,"12,600"
일의 기쁨과 슬픔,장류진,창비,2019년 10월,"12,600"
죽어나간 시간을 위한 애도,김홍신,해냄,2023년 10월,"16,020"
모두의 연수,김려령,비룡소,2023년 05월,"13,500"
제주도우다 세트,현기영,창비,2023년 07월,"45,900"
나의 아름다운 날들,정지아,은행나무,2023년 02월,"14,400"
애쓰지 않아도,최은영,마음산책,2022년 04월,"13,050"
이상 소설 전집,이상,민음사,2012년 11월,"11,700"
눈물을 마시는 새 특별판 세트 ,이영도,황금가지,2023년 05월,"90,000"
나주에 대하여,김화진,문학동네,2022년 10월,"13,500"
"보이지 않는 도시, 퍼머루트 1부 : 공중에 떠 있는 집 1",E. S. 호버트,팩토리나인,2023년 11월,"12,150"
"너는, 어느 계절에 죽고 싶어",홍선기,모모,2023년 06월,"15,120"
밸런스 게임,김동식,요다,2021년 03월,"11,700"
대도시의 사랑법,박상영,창비,2019년 07월,"12,600"
두근두근 내 인생,김애란,창비,2011년 06월,"12,600"
희망,양귀자,쓰다,2020년 06월,"17,820"
고구려 7,김진명,이타북스,2021년 06월,"14,220"
나의 아름다운 정원,심윤경,한겨레출판,2013년 11월,"9,900"
세상에서 가장 약한 요괴,김동식,요다,2017년 12월,"11,700"
작별 곁에서,신경숙,창비,2023년 05월,"13,500"
하쿠다 사진관 ,허태연,놀,2022년 07월,"13,950"
내가 되는 꿈,최진영,현대문학,2021년 02월,"12,600"
숨 쉬는 소설,최진영,창비교육,2021년 08월,"14,400"
남한산성,김훈,학고재,2017년 07월,"14,400"
나목,박완서,세계사,2012년 01월,"12,600"
귤의 맛,조남주,문학동네,2020년 05월,"11,250"
광장/구운몽,최인훈,문학과지성사,2014년 12월,"12,600"
청년 주부 구운몽,강선우,고즈넉이엔티,2023년 02월,"13,500"
중고생이 꼭 읽어야 할 한국단편소설 45,오대교,생각뿔,2019년 08월,"19,800"
2023 제6회 한국과학문학상 수상작품집,한이솔,허블,2023년 05월,"6,930"
당신이 보고 싶어하는 세상,장강명,문학동네,2023년 07월,"15,300"
소설 보다 : 겨울 2022,김채원,문학과지성사,2022년 12월,"3,150"
13일의 김남우,김동식,요다,2017년 12월,"11,700"
2022 제13회 젊은작가상 수상작품집,임솔아,문학동네,2022년 04월,"12,600"
목소리들,이승우,문학과지성사,2023년 11월,"14,400"
겨울을 지나가다,조해진,작가정신,2023년 12월,"12,600"
계절은 짧고 기억은 영영,이주혜,창비,2023년 11월,"15,120"
까칠한 재석이가 사라졌다,고정욱,애플북스,2022년 04월,"10,800"
가슴 뛰는 소설 : 사랑이 움직이는 순간,박상영,창비교육,2020년 08월,"14,400"
카지노,김진명,새움,2022년 12월,"14,850"
공룡의 이동 경로,김화진,스위밍꿀,2023년 08월,"13,500"
노 휴먼스 랜드,김정,창비,2023년 07월,"13,500"
저만치 혼자서,김훈,문학동네,2022년 06월,"13,500"
비상문,최진영,미메시스,2018년 09월,"7,020"
중급 한국어,문지혁,민음사,2023년 03월,"12,600"
불타는 작품,윤고은,은행나무,2023년 10월,"15,120"
미래과거시제,배명훈,북하우스,2023년 03월,"15,120"
구운몽,김만중,민음사,2003년 01월,"7,200"
브로콜리 펀치,이유리,문학과지성사,2021년 10월,"12,600"
얼티밋 워리어,찰리와 하이파이브,삼일인포마인,2023년 03월,"22,000"
눈물을 마시는 새 윷놀이 세트,이영도,황금가지,2023년 05월,"117,000"
친밀한 이방인,정한아,문학동네,2017년 10월,"11,700"
나는 나를 파괴할 권리가 있다,김영하,복복서가,2022년 05월,"10,350"
화성과 나,배명훈,래빗홀,2023년 11월,"14,220"
엄마의 말뚝,박완서,세계사,2012년 01월,"16,200"
뜻밖의 계절,임하운,시공사,2019년 08월,"11,520"
어떤 진심 ,안보윤,현대문학,2022년 12월,"13,500"
행성어 서점,김초엽,마음산책,2021년 11월,"13,050"
종의 기원담,김보영,아작,2023년 06월,"15,120"
경청  ,김혜진,민음사,2022년 10월,"13,500"
해저도시 타코야키,김청귤,래빗홀,2023년 03월,"13,500"
러브 몬스터,이두온,창비,2023년 02월,"14,400"
1차원이 되고 싶어,박상영,문학동네,2021년 10월,"13,320"
소나기,황순원,맑은소리(동반인),2010년 01월,"6,300"
우리들의 일그러진 영웅,이문열,알에이치코리아(RHK),2020년 07월,"13,500"
설이,심윤경,한겨레출판,2019년 01월,"11,700"
밝은 밤 (특별 한정 에디션),최은영,문학동네,2022년 07월,"11,250"
곰탕 1,김영탁,arte(아르테),2018년 03월,"15,300"
28,정유정,은행나무,2013년 06월,"13,050"
가시고기,조창인,산지,2019년 05월,"13,500"
로렘 입숨의 책,구병모,안온북스,2023년 01월,"13,500"
김약국의 딸들,박경리,다산책방,2023년 04월,"16,200"
한 스푼의 시간,구병모,위즈덤하우스,2016년 09월,"10,800"
나나,이희영,창비,2021년 10월,"11,700"
82년생 김지영,조남주,민음사,2016년 10월,"12,600"
자본주의의 적,정지아,창비,2021년 04월,"12,600"
재수사 2,장강명,은행나무,2022년 08월,"14,400"
소나기 : 황순원 단편집,황순원,다림,2002년 01월,"8,100"
수상한 초콜릿 가게,김예은,서랍의날씨,2022년 10월,"12,150"
"보이지 않는 도시, 퍼머루트 1부 : 공중에 떠 있는 집 2",E. S. 호버트,팩토리나인,2023년 11월,"12,150"
행복배틀,주영하,고즈넉이엔티,2023년 04월,"13,500"
양심 고백,김동식,요다,2018년 04월,"11,700"
그 산이 정말 거기 있었을까,박완서,웅진지식하우스,2021년 01월,"11,700"
흰,한강,문학동네,2018년 04월,"11,250"
빨치산의 딸 1,정지아,필맥,2023년 06월,"13,500"
목소리를 드릴게요,정세랑,아작,2020년 01월,"13,320"
고래,천명관,문학동네,2014년 01월,"14,850"
칼의 노래,김훈,문학동네,2012년 01월,"12,600"
만조를 기다리며,조예은,위즈덤하우스,2023년 05월,"11,700"
여행하는 소설,장류진,창비교육,2022년 03월,"14,400"
호수의 일,이현,창비,2022년 01월,"12,600"
기억하는 소설,강영숙,창비교육,2021년 05월,"14,400"
스노볼 드라이브,조예은,민음사,2021년 02월,"12,600"
허구의 삶,이금이,문학동네,2019년 10월,"11,250"
미스터 션샤인 1,김수연,알에이치코리아(RHK),2018년 09월,"15,120"
토지 1~20 세트,박경리,다산책방,2023년 06월,"306,000"
토지 1,박경리,다산책방,2023년 06월,"15,300"
미스터 션샤인 2,김수연,알에이치코리아(RHK),2018년 10월,"15,120"
물로 씌어진 이름 제1부 광복 세트,복거일,백년동안,2023년 07월,"90,000"
재수사 1,장강명,은행나무,2022년 08월,"14,400"
초급 한국어,문지혁,민음사,2020년 11월,"12,600"
어떤 물질의 사랑,천선란,아작,2020년 07월,"13,320"
최선의 삶,임솔아,문학동네,2015년 07월,"10,800"
빨치산의 딸 2,정지아,필맥,2023년 06월,"13,500"
다섯 번째 감각,김보영,아작,2022년 02월,"16,200"
연결하는 소설,김애란,창비교육,2023년 06월,"15,300"
인어 사냥 ,차인표,해결책,2022년 10월,"13,500"
취미는 사생활,장진영,은행나무,2023년 04월,"11,700"
국립존엄보장센터,남유하,서해문집,2022년 05월,"11,250"
달까지 가자,장류진,창비,2021년 04월,"12,600"
마음에 없는 소리,김지연,문학동네,2022년 03월,"13,050"
희랍어 시간,한강,문학동네,2011년 11월,"11,700"
2022 김승옥문학상 수상작품집,편혜영,문학동네,2022년 09월,"9,000"
사랑과 혁명 1,김탁환,해냄,2023년 09월,"16,920"
두고 온 여름,성해나,창비,2023년 03월,"12,600"
"그믐, 또는 당신이 세계를 기억하는 방식",장강명,문학동네,2015년 08월,"10,800"
운수 좋은 날,현진건,사피엔스21,2012년 02월,"6,300"
손 흔드는 소설,최은영,창비교육,2022년 12월,"15,300"
곰탕 2,김영탁,arte(아르테),2018년 03월,"15,300"
문어,김동식,요다,2021년 03월,"11,700"
체공녀 강주룡,박서련,한겨레출판,2018년 07월,"11,700"
"알로하, 나의 엄마들",이금이,창비,2020년 03월,"14,400"
투명인간,성석제,창비,2014년 06월,"12,600"
완득이,김려령,창비,2023년 02월,"12,600"
호,정보라,읻다,2023년 05월,"13,500"
"어느 날, 너의 심장이 멈출 거라 말했다",클로에 윤,팩토리나인,2021년 12월,"12,600"
소설가 구보 씨의 일일,박태원,소전서가,2023년 10월,"15,300"
말 없는 자들의 목소리,황모과,래빗홀,2023년 08월,"13,500"
살인자의 정석,김동식,요다,2019년 03월,"11,700"
겨울방학,최진영,민음사,2019년 10월,"11,700"
젊은작가상 수상작품집 10주년 특별판,편혜영,문학동네,2019년 04월,"6,930"
도깨비 1,김수연,알에이치코리아(RHK),2017년 01월,"12,420"
도깨비 2,김수연,알에이치코리아(RHK),2017년 02월,"12,420"
단순한 진심,조해진,민음사,2019년 07월,"11,700"
엄마를 부탁해,신경숙,창비,2008년 10월,"13,500"
보건교사 안은영 (리커버 특별판),정세랑,민음사,2020년 09월,"12,600"
사랑과 혁명 2,김탁환,해냄,2023년 09월,"16,920"
파도가 바다의 일이라면,김연수,문학동네,2015년 10월,"12,600"
당신들의 천국,이청준,문학과지성사,2012년 09월,"13,500"
노랜드,천선란,한겨레출판,2022년 06월,"14,220"
연적,김호연,나무옆의자,2015년 10월,"11,700"
오직 두 사람,김영하,복복서가,2022년 07월,"11,700"
"정말 미안하지만, 나는 아무렇지도 않았다",김동식,요다,2018년 04월,"11,700"
므레모사,김초엽,현대문학,2021년 12월,"12,600"
한국이 싫어서,장강명,민음사,2015년 05월,"12,600"
일의 기쁨과 슬픔 (특별한정판),장류진,창비,2021년 12월,"13,050"
좋은 곳에서 만나요,이유리,안온북스,2023년 07월,"14,400"
제주도우다 1,현기영,창비,2023년 07월,"15,300"
86학번 승연이,박선경,북앤피플,2023년 11월,"15,300"
사랑과 혁명 3,김탁환,해냄,2023년 09월,"16,920"
아침을 볼 때마다 당신을 떠올릴 거야,조수경,한겨레출판,2019년 02월,"12,420"
언러키 스타트업 ,정지음,민음사,2022년 10월,"13,500"
이제야 언니에게,최진영,창비,2019년 09월,"14,400"
라스트 젤리 샷,청예,허블,2023년 08월,"15,120"
이중 작가 초롱,이미상,문학동네,2022년 11월,"13,950"
그 남자네 집,박완서,현대문학,2021년 01월,"11,700"
百의 그림자,황정은,창비,2022년 02월,"13,500"
배니시드 ,김도윤,팩토리나인,2023년 02월,"14,220"
한국단편문학선 1,김동인,민음사,2000년 10월,"9,900"
수난이대,하근찬,사피엔스21,2012년 07월,"7,200"
2023 신춘문예당선 소설집,한국소설가협회,한국소설가협회,2023년 01월,"17,100"
사랑의 꿈,손보미,문학동네,2023년 03월,"14,850"
일주일 만에 사랑할 순 없다,김동식,요다,2020년 03월,"11,700"
삼성동 하우스,김경래,농담과진담,2022년 12월,"13,500"
죽은 왕녀를 위한 파반느,박민규,예담,2009년 07월,"15,300"
축복을 비는 마음,김혜진,문학과지성사,2023년 11월,"14,400"
녹슨달,하지은,달다,2023년 02월,"16,200"
사랑의  생애,이승우,위즈덤하우스,2017년 03월,"14,400"
귀하의 노고에 감사드립니다,김의경,문학동네,2023년 09월,"15,300"
내가 말하고 있잖아,정용준,민음사,2020년 06월,"12,600"
퇴마록 국내편 1,이우혁,엘릭시르,2011년 09월,"15,300"
끌어안는 소설,정지아,창비교육,2023년 05월,"15,300"
장마,윤흥길,민음사,2005년 10월,"9,900"
고령화 가족,천명관,문학동네,2010년 02월,"10,800"
사랑 후에 오는 것들,공지영,소담출판사,2005년 12월,"10,800"
뉴서울파크 젤리장수 대학살,조예은,안전가옥,2019년 06월,"13,500"
나는 지금도 거기 있어,임솔아,문학동네,2023년 09월,"15,120"
재능의 불시착,박소연,알에이치코리아(RHK),2021년 10월,"15,120"
내게 무해한 사람 (특별 한정 에디션),최은영,문학동네,2022년 07월,"10,350"
장미의 이름은 장미,은희경,문학동네,2022년 01월,"13,500"
제인의 마법 살롱,박승희,허블,2023년 10월,"15,120"
궁상각치우,강상범,역바연,2023년 07월,"13,500"
젊은 근희의 행진,이서수,은행나무,2023년 05월,"13,500"
나목·도둑맞은 가난,박완서,민음사,2005년 10월,"12,600"
이효석문학상 수상작품집 2023,안보윤,북다,2023년 09월,"13,500"
이만큼 가까이,정세랑,창비,2021년 08월,"12,600"
아라의 소설,정세랑,안온북스,2022년 08월,"13,500"
나를 찾지 마,김범,클레이하우스,2023년 05월,"15,030"
불장난,손보미,문학사상,2022년 01월,"13,950"
내 심장을 쏴라,정유정,은행나무,2009년 04월,"10,800"
"거기, 내가 가면 안 돼요?",이금이,사계절,2017년 07월,"13,500"
관촌수필,이문구,문학과지성사,2018년 09월,"13,500"
"땡스 갓, 잇츠 프라이데이",심너울,안전가옥,2020년 01월,"9,000"
믿음에 대하여,박상영,문학동네,2022년 07월,"13,050"
퇴마록 국내편 2,이우혁,엘릭시르,2011년 09월,"15,300"
별일은 없고요?,이주란,한겨레출판,2023년 04월,"13,500"
너무 한낮의 연애,김금희,문학동네,2016년 05월,"12,600"
아무도 모를 것이다,정보라,퍼플레인(갈매나무),2023년 01월,"15,300"
노량,박은우,고즈넉이엔티,2023년 11월,"15,300"
마당 깊은 집,김원일,문학과지성사,2018년 09월,"14,400"
공방의 계절,연소민,모요사,2023년 03월,"14,400"
서울 1964년 겨울,김승옥,문학과지성사,2019년 09월,"15,300"
습기,마태,해피북스투유,2023년 09월,"15,120"
고구려 6,김진명,이타북스,2021년 06월,"14,220"
파괴자들의 밤 ,서미애,안전가옥,2023년 06월,"14,400"
안녕 주정뱅이,권여선,창비,2016년 05월,"12,150"
아버지에게 갔었어,신경숙,창비,2021년 03월,"12,600"
밤의 여행자들,윤고은,민음사,2013년 10월,"12,600"
황만근은 이렇게 말했다,성석제,창비,2002년 06월,"12,600"
미래의 조각,정영수,현대문학,2023년 12월,"13,500"
계속해보겠습니다,황정은,창비,2014년 10월,"12,150"
함께 걷는 소설 ,백수린,창비교육,2023년 04월,"15,300"
그걸 왜 이제 얘기해,봉부아,자상한시간,2023년 12월,"15,120"
물 만난 물고기,이찬혁,수카,2019년 09월,"13,500"
"달려라, 아비",김애란,창비,2019년 09월,"13,500"
제주도우다 2,현기영,창비,2023년 07월,"15,300"
못 먹는 남자,정해연,엘릭시르,2023년 08월,"14,220"
프리즘,손원평,은행나무,2020년 09월,"12,150"
검은 꽃,김영하,문학동네,2020년 10월,"13,500"
띵동! 당신의 눈물이 입금되었습니다,최소망,놀,2023년 05월,"15,120"
SF 보다 Vol.1 얼음,곽재식,문학과지성사,2023년 04월,"12,600"
최소한의 최선,문진영,문학동네,2023년 10월,"14,400"
마주,최은미,창비,2023년 08월,"15,120"
생의 이면,이승우,문이당,2013년 01월,"11,700"
"진이, 지니",정유정,은행나무,2019년 05월,"12,600"
가시고백,김려령,비룡소,2012년 02월,"11,700"
빛과 영원의 시계방,김희선,허블,2023년 02월,"13,500"
2023 올해의 문제소설,한국현대소설학회,푸른사상,2023년 02월,"16,650"
딸에 대하여,김혜진,민음사,2017년 09월,"12,600"
그리고 봄,조선희,한겨레출판,2023년 10월,"15,120"
오로라 2-241,한수영,바람의아이들,2022년 12월,"12,600"
제주도우다 3,현기영,창비,2023년 07월,"15,300"
삼미 슈퍼스타즈의 마지막 팬클럽,박민규,한겨레출판,2020년 12월,"12,420"
풀업,강화길,현대문학,2023년 08월,"12,600"
한국단편문학선 2,김동인,민음사,1999년 03월,"9,900"
절연,정세랑,문학동네,2022년 12월,"15,300"
한성요괴상점,기구름,CLB BOOKS,2023년 03월,"14,220"
조커와 나,김중미,창비,2013년 01월,"11,700"
GV 빌런 고태경,정대건,은행나무,2020년 04월,"12,150"
붉은 방/해변의 길손,한승원,문학사상,2001년 08월,"13,950"
딩,문진영,현대문학,2023년 04월,"11,700"
호텔 이야기,임경선,토스트,2022년 11월,"13,500"
옥상에서 만나요,정세랑,창비,2018년 11월,"13,500"
광장 / 구운몽,최인훈,문학과지성사,2008년 11월,"11,700"
"여름 너머, 여름",한윤서,메이킹북스,2022년 12월,"12,420"
토지 1,박경리,마로니에북스,2012년 08월,"12,150"
최은영 소설 3종 특별 한정 에디션,최은영,문학동네,2022년 07월,"31,500"
꿰맨 눈의 마을,조예은,자음과모음,2023년 12월,"11,700"
산산조각,정호승,시공사,2022년 04월,"14,400"
마르타의 일,박서련,한겨레출판,2019년 09월,"12,600"
직지 1,김진명,쌤앤파커스,2019년 08월,"12,600"
트렁크,김려령,창비,2015년 05월,"12,600"
어느 날 내가 죽었습니다,이경혜,바람북스,2021년 03월,"11,520"
엘리베이터에 낀 그 남자는 어떻게 되었나,김영하,복복서가,2020년 07월,"9,000"
당신 옆을 스쳐간 그 소녀의 이름은,최진영,한겨레출판,2022년 01월,"12,420"
토지 2,박경리,다산책방,2023년 06월,"15,300"
"하나의 인간, 인류의 하나",김동식,요다,2019년 03월,"11,700"
저주토끼,정보라,아작,2022년 04월,"13,320"
이 와중에 스무 살,최지연,창비교육,2022년 10월,"12,600"
산 자들,장강명,민음사,2019년 06월,"12,600"
그래스프 리플렉스,김강,아시아,2023년 02월,"13,500"
학폭교사 위광조,꿈몽글,파람북,2023년 12월,"15,300"
디 에센셜 한강,한강,문학동네,2023년 06월,"15,300"
다윈 영의 악의 기원,박지리,사계절,2016년 09월,"19,800"
봄봄 : 김유정 단편집,김유정,다림,2002년 01월,"9,000"
똑같은 얼굴,조규미,사계절,2023년 02월,"9,900"
노을 건너기,천선란,창비,2023년 08월,"9,000"
오즈의 마법사,L. 프랭크 바움,인디고(글담),2018년 01월,"13,320"
늙지 않기에 힘든 우리,정시화,하움출판사,2023년 05월,"14,400"
너의 바다가 되어,고상만,크루,2021년 10월,"13,320"
직지 2,김진명,쌤앤파커스,2019년 08월,"12,600"
바르도 1,리민,무하유,2023년 08월,"17,100"
고양이와 사막의 자매들,예소연,허블,2023년 06월,"13,500"
고양이달 세트 (일러스트 특별판),박영주,아띠봄,2021년 03월,"89,100"
너는 내 목소리를 닮았어,김서해,자이언트북스,2023년 07월,"11,520"
태백산맥 1,조정래,해냄,2020년 10월,"15,750"
사랑 후에 오는 것들 다이어리 세트,공지영,소담출판사,2005년 12월,"21,600"
아홉 켤레의 구두로 남은 사내,윤흥길,문학과지성사,2001년 02월,"11,700"
구원의 날,정해연,시공사,2023년 08월,"14,220"
오빠 새끼 잡으러 간다 ,염기원,문학세계사,2023년 02월,"13,050"
선택의 날,정해연,시공사,2023년 08월,"14,220"
동백꽃,김유정,문학과지성사,2005년 04월,"11,700"
[작가만남] 『아주 희미한 빛으로도』 최은영 소설가 북토크 티켓 with 요조 작가 (1인 입장권),최은영,문학동네,0001년 01월,"5,000"
행운이 너에게 다가오는 중,이꽃님,문학동네,2020년 11월,"12,600"
여름과 루비,박연준,은행나무,2022년 07월,"13,050"
무진기행,김승옥,문학동네,2004년 10월,"11,700"
카피캣 식당,범유진,&(앤드),2023년 01월,"12,150"
아몬드,손원평,창비,2022년 05월,"10,800"
천년의 사랑,양귀자,쓰다,2013년 04월,"13,500"
광개토태왕 담덕 4,엄광용,새움,2022년 12월,"14,400"
더블,정해연,해피북스투유,2023년 01월,"14,400"
태백산맥 세트,조정래,해냄,2020년 10월,"157,500"
탄금,장다혜,북레시피,2021년 02월,"15,300"
낙원은 창백한 손으로,박영,은행나무,2023년 08월,"15,120"
댓글부대,장강명,은행나무,2015년 11월,"10,800"
악마의 계약서는 만기 되지 않는다,리러하,팩토리나인,2022년 08월,"13,050"
무정,이광수,민음사,2010년 07월,"9,000"
소심한 사람들만 남았다,김이환,북다,2023년 06월,"12,600"
눈감지 마라,이기호,마음산책,2022년 09월,"13,500"
빛의 제국,김영하,복복서가,2022년 05월,"10,800"
그곳에 엄마가 있었어,윤정모,다산책방,2023년 07월,"15,300"
아무것도 아닌 빛,정영선,강,2023년 02월,"12,600"
베니스의 개성상인 1,오세영,문예춘추사,2023년 01월,"15,120"
봄봄,김유정,사피엔스21,2012년 02월,"6,300"
물로 씌어진 이름 1,복거일,백년동안,2023년 07월,"18,000"
룬의 아이들 - 블러디드 4,전민희,엘릭시르,2021년 04월,"13,050"
네가 있는 요일,박소영,창비,2023년 09월,"14,400"
베니스의 개성상인 2,오세영,문예춘추사,2023년 02월,"15,120"
여름이 죽었다,한지원,하움출판사,2020년 08월,"7,200"
경애의 마음,김금희,창비,2018년 06월,"14,400"
"바람이 분다, 가라",한강,문학과지성사,2010년 02월,"12,600"
까칠한 재석이 1~6권 세트,고정욱,애플북스,2020년 03월,"48,420"
김유정 소설집,김유정,피치마켓,2018년 08월,"13,500"
소설가 구보씨의 일일,박태원,문학과지성사,2005년 04월,"9,900"
타워,배명훈,문학과지성사,2020년 02월,"13,500"
이상작품집 (미니북),이상,자화상,2019년 12월,"5,310"
더 셜리 클럽,박서련,민음사,2020년 08월,"12,600"
흑산 黑山,김훈,학고재,2011년 10월,"12,420"
소설 보다 : 가을 2022,김기태,문학과지성사,2022년 09월,"3,150"
봄봄/미스터 방 외,전도현,서연비람,2018년 07월,"10,800"
두 번째 기회,권여원,에디아(Edia),2023년 11월,"10,800"
날짜 없음,장은진,민음사,2016년 11월,"12,600"
사람의 아들,이문열,알에이치코리아(RHK),2020년 04월,"14,400"
카스테라,박민규,문학동네,2005년 06월,"12,600"
청부살인 협동조합 ,김동식,요다,2022년 11월,"12,600"
전지적 독자 시점 양장본 세트 1,싱숑,비채,2022년 09월,"106,650"
한밤의 시간표,정보라,퍼플레인(갈매나무),2023년 06월,"14,220"
일주일,최진영,자음과모음,2021년 09월,"10,800"
일 퍼센트,김태호,사계절,2021년 07월,"8,100"
학교로 간 스파이,이은소,새움,2020년 08월,"15,120"
레몬,권여선,창비,2019년 04월,"14,400"
병신과 머저리,이청준,문학과지성사,2010년 07월,"11,700"
보테로 가족의 사랑 약국,이선영,클레이하우스,2022년 09월,"13,500"
영원한 유산,심윤경,문학동네,2021년 01월,"13,050"
숲의 애가,서여로,황금가지,2023년 01월,"14,220"
"리옹, 불시착",미요나,다향,2023년 11월,"8,100"
홀 The Hole,편혜영,문학과지성사,2016년 03월,"11,700"
고구려 1,김진명,이타북스,2021년 06월,"14,220"
그렇게 할 수밖에,최도담,네오픽션,2022년 12월,"12,600"
춘향전,백범영,민음사,2004년 04월,"10,800"
이것이 남자의 세상이다,천명관,예담,2016년 10월,"11,700"
태평천하,채만식,민음사,2022년 08월,"12,600"
사평역,임철우,사피엔스21,2012년 07월,"7,650"
궤변 말하기 대회,김동식,요다,2022년 07월,"11,700"
기나긴 하루,박완서,문학동네,2012년 01월,"10,800"
까칠한 재석이가 달라졌다,고정욱,애플북스,2022년 04월,"11,250"
264일의 쿠데타 1,노가원,시아컨텐츠,2017년 10월,"13,500"
고양이달 1 (일러스트 특별판),박영주,아띠봄,2021년 03월,"29,700"
서른의 반격,손원평,은행나무,2023년 06월,"11,250"
룬의 아이들 - 블러디드 3,전민희,엘릭시르,2020년 09월,"13,050"
좀비즈 어웨이,배예람,안전가옥,2022년 03월,"9,000"
가장 나쁜 일 ,김보현,민음사,2022년 07월,"13,500"
"재인, 재욱, 재훈",정세랑,은행나무,2021년 09월,"10,800"
얼마나 닮았는가,김보영,아작,2020년 10월,"13,320"
쇼코의 미소 (특별 한정 에디션),최은영,문학동네,2022년 07월,"9,900"
무궁화꽃이 피었습니다 1,김진명,이타북스,2023년 04월,"15,120"
라스팔마스는 없다,오성은,은행나무,2023년 11월,"15,120"
몽실 언니,권정생,창비,2012년 04월,"13,500"
작은 빛을 따라서,권여름,자이언트북스,2023년 10월,"14,220"
고구려 1부 : 땅을 다지다 세트,김진명,이타북스,2021년 06월,"98,100"
자두,이주혜,창비,2020년 08월,"12,600"
젊은 느티나무,강신재,문학과지성사,2007년 07월,"11,250"
기억 서점,정명섭,시공사,2021년 10월,"12,420"
마당을 나온 암탉 20주년 특별판,황선미,사계절,2020년 04월,"13,500"
연년세세 年年歲歲,황정은,창비,2020년 09월,"13,050"
초록은 어디에나,임선우,자음과모음,2023년 09월,"11,700"
그 많던 싱아는 누가 다 먹었을까,박완서,세계사,2012년 01월,"13,500"
승부 1,조세래,문예춘추사,2023년 12월,"15,120"
"몰라도 되는 마음, 땅속의 귀신들도 이미, 여름의 봄",김여진,파도,2022년 12월,"11,700"
당신의 별이 사라지던 밤,서미애,엘릭시르,2018년 02월,"12,420"
침이 고인다,김애란,문학과지성사,2007년 09월,"13,500"
프로젝트 브이 ,박서련,안전가옥,2023년 03월,"15,300"
마지막 사도 1,장용민,재담북스,2023년 01월,"14,400"
빛의 과거,은희경,문학과지성사,2019년 08월,"12,600"
토지 3,박경리,다산책방,2023년 06월,"15,300"
무림세가 천대받는 손녀 딸이 되었다 세트,마루별,연담,2023년 03월,"63,000"
"오, 사랑",조우리,사계절,2020년 08월,"10,800"
룬의 아이들 - 블러디드 1,전민희,엘릭시르,2018년 11월,"13,050"
보건교사 안은영,정세랑,민음사,2015년 12월,"11,700"
원미동 시인,양귀자,사피엔스21,2012년 02월,"7,200"
에이스와 새우깡,성승제,도서출판이곳,2023년 10월,"15,300"
제 꿈 꾸세요,김멜라,문학동네,2022년 08월,"13,050"
누구에게나 친절한 교회 오빠 강민호,이기호,문학동네,2018년 05월,"12,150"
혼불 1,최명희,매안출판사,2009년 07월,"10,450"
세상에서 가장 아름다운 이별,노희경,북로그컴퍼니,2015년 05월,"11,520"
미스 함무라비,문유석,문학동네,2016년 12월,"12,150"
광개토태왕 담덕 5,엄광용,새움,2023년 03월,"14,400"
똑산,최태영,좋은땅,2023년 11월,"14,220"
천국에서 온 탐정,이동원,스윙테일,2022년 12월,"14,220"
스노볼 2,박소영,창비,2021년 12월,"13,500"
풀이 눕는다,김사과,문학동네,2017년 08월,"11,700"
우리는 천천히 오래오래,백신애,작가정신,2022년 12월,"13,500"
마지막 사도 2,장용민,재담북스,2023년 01월,"14,400"
2022 제5회 한국과학문학상 수상작품집,서윤빈,허블,2022년 05월,"5,400"
언제나 밤인 세계,하지은,황금가지,2022년 04월,"15,120"
무궁화꽃이 피었습니다 2,김진명,이타북스,2023년 04월,"15,120"
꺼삐딴 리,전광용,사피엔스21,2014년 05월,"6,750"
천년의 금서,김진명,새움,2023년 01월,"13,950"
길모퉁이에서 만난 사람,양귀자,쓰다,2015년 02월,"10,800"
밤은 내가 가질게,안보윤,문학동네,2023년 11월,"14,400"
감꽃 길 시골하우스,이영희,델피노,2023년 11월,"15,030"
혹시 MBTI가 어떻게 되세요?,정대건,읻다,2022년 12월,"13,500"
날마다 만우절,윤성희,문학동네,2021년 07월,"13,500"
가시고기 우리 아빠,조창인,산지,2022년 02월,"15,300"
고구려 5,김진명,이타북스,2021년 06월,"14,220"
일곱 해의 마지막,김연수,문학동네,2020년 07월,"12,150"
이상한 사람들,최인호,책읽는섬,2018년 01월,"10,800"
도림천 연가 (상),이연수,타임라인,2023년 11월,"15,300"
달 드링크 서점,서동원,문학수첩,2022년 12월,"12,600"
길 없는 길 1,최인호,여백출판사,2021년 04월,"12,600"
정치인,정진영,안나푸르나,2023년 05월,"12,600"
몸과 여자들,이서수,현대문학,2022년 12월,"11,700"
스노볼 1,박소영,창비,2021년 12월,"13,500"
디디의 우산,황정은,창비,2019년 01월,"12,600"
벽사아씨전,박에스더,안전가옥,2023년 09월,"14,400"
아버지의 해방일지 (큰글자도서),정지아,창비,2022년 12월,"25,000"
최후의 경전,김진명,새움,2023년 01월,"14,850"
소설 손자병법 세트,정비석,은행나무,2002년 11월,"41,400"
클로버,나혜림,창비,2022년 09월,"12,600"
소설 보다 : 여름 2022,김지연,문학과지성사,2022년 06월,"3,150"
죽은 고양이를 태우다,김양미,문학세상,2023년 05월,"14,400"
복자에게,김금희,문학동네,2020년 09월,"12,600"
깃털,김정혜진,허블,2020년 07월,"8,550"
오발탄,이범선,문학과지성사,2007년 07월,"10,350"
토지 4,박경리,다산책방,2023년 06월,"15,300"
264일의 쿠데타 2,노가원,시아컨텐츠,2017년 10월,"13,500"
격리된 아이,김소연,우리학교,2020년 07월,"11,700"
눈으로 만든 사람,최은미,문학동네,2021년 06월,"13,320"
주먹 망원경,박종휘,arte(아르테),2023년 05월,"14,400"
광인,이혁진,민음사,2023년 11월,"17,100"
완벽한 케이크의 맛,김혜진,마음산책,2023년 05월,"13,500"
소마,채사장,웨일북,2021년 12월,"13,500"
붕대 감기,윤이형,작가정신,2020년 01월,"10,800"
그 여자네 집,박완서,문학동네,2006년 08월,"12,600"
고독사 워크숍,박지영,민음사,2022년 06월,"13,500"
우리들의 행복한 시간 ,공지영,해냄,2016년 08월,"15,120"
그해 겨울은 따뜻했네 1,박완서,세계사,2012년 01월,"13,500"
인생 연구,정지돈,창비,2023년 05월,"13,500"
룬의 아이들 - 블러디드 2,전민희,엘릭시르,2019년 09월,"13,050"
차밍스쿨,박혜영,아시아,2023년 07월,"15,300"
"땅거미 질 때 샌디에이고에서 로스앤젤레스로 운전하며 소형 디지털 녹음기에 구술한, 막연히 LA/운전 시들이라고 생각하는 작품들의 모음",정지돈,작가정신,2023년 03월,"12,600"
예수님의 폭소,최원영,좋은땅,2022년 12월,"13,500"
꺼삐딴 리,전광용,을유문화사,2009년 05월,"9,000"
칼을 품고 슬퍼하다,이상훈,여백,2023년 09월,"15,120"
바늘과 가죽의 시,구병모,현대문학,2021년 04월,"11,700"
핌·오렌지빛이랄지,이상우,민음사,2023년 11월,"15,300"
어느 날 은유가 찾아왔다,박이강,교유서가,2023년 09월,"14,400"
깊은 슬픔,신경숙,문학동네,2006년 03월,"16,200"
검은 모나리자,박찬순,강,2023년 06월,"13,500"
표백,장강명,한겨레출판,2020년 09월,"12,420"
디어 마이 송골매,이경란,교유서가,2023년 09월,"13,500"
플라멩코 추는 남자,허태연,다산책방,2021년 09월,"12,600"
아무도 아닌,황정은,문학동네,2016년 11월,"10,800"
검은 사슴,한강,문학동네,2017년 12월,"13,950"
유년의 뜰,오정희,문학과지성사,2017년 09월,"11,700"
소설 보다 : 봄 2022,김병운,문학과지성사,2022년 03월,"3,150"
타인의 집,손원평,창비,2021년 06월,"12,600"
도림천 연가 (하),이연수,타임라인,2023년 11월,"15,300"
뜨거운 피,김언수,문학동네,2016년 08월,"14,850"
김약국의 딸들,박경리,마로니에북스,2013년 03월,"13,500"
"안녕, 인공존재!",배명훈,북하우스,2020년 07월,"11,700"
짐승처럼,임솔아,현대문학,2023년 06월,"12,600"
개의 설계사,단요,아작,2023년 06월,"15,120"
별뜨기에 관하여,이영도,황금가지,2020년 10월,"15,120"
노랑무늬영원,한강,문학과지성사,2018년 11월,"12,600"
壽愛(수애) 목숨 건 사랑,한수애,새문사,2023년 02월,"17,000"
"도시, 청년, 호러",이시우,안전가옥,2022년 05월,"11,700"
선릉 산책,정용준,문학동네,2021년 10월,"12,600"
밤에 찾아오는 구원자,천선란,안전가옥,2021년 06월,"11,700"
사랑이 한 일,이승우,문학동네,2020년 11월,"12,600"
광개토태왕 담덕 7,엄광용,새움,2023년 07월,"15,120"
그해 겨울은 따뜻했네 2,박완서,세계사,2012년 01월,"13,500"
퇴마록 세계편 1,이우혁,엘릭시르,2011년 12월,"15,300"
9번의 일,김혜진,한겨레출판,2019년 10월,"12,600"
잃어버린 사람,김숨,모요사,2023년 07월,"18,000"
삼국평화고등학교 테러 사건,서귤,위즈덤하우스,2023년 06월,"15,120"
달의 바다,정한아,문학동네,2023년 06월,"13,500"
예언,김진명,새움,2022년 12월,"14,850"
고구려 4,김진명,이타북스,2021년 06월,"14,220"
김영하 소설 결정판 박스 세트 1차분,김영하,복복서가,2020년 09월,"54,000"
우아한 거짓말,김려령,창비,2014년 02월,"12,420"
김동식 소설집 박스 세트,김동식,요다,2021년 03월,"117,000"
여성작가 SF 단편모음집,김지현,온우주,2018년 03월,"13,500"
개,김훈,푸른숲,2021년 04월,"13,500"
죽음은 언제나 당신과 함께,정보라,퍼플레인(갈매나무),2023년 11월,"15,750"
빛을 걷으면 빛,성해나,문학동네,2022년 05월,"13,500"
난장이가 쏘아올린 작은 공,송기숙,가람기획,2020년 10월,"14,220"
승부 2,조세래,문예춘추사,2023년 12월,"15,120"
복길잡화점,이민혁,뜰Book,2023년 12월,"12,600"
토지 1-20권 세트,박경리,마로니에북스,2012년 08월,"243,000"
눈길,이청준,사피엔스21,2012년 02월,"7,200"
젊은 날의 초상,이문열,알에이치코리아(RHK),2020년 06월,"13,500"
"[작가만남] 『설자은, 금성으로 돌아오다』 정세랑 북토크 with 편집자K (1인 입장권)",정세랑,문학동네,0001년 01월,"5,000"
겨울 간식집,박연준,읻다,2023년 11월,"15,120"
광개토태왕 담덕 6,엄광용,새움,2023년 05월,"14,850"
바이러스 X,김진명,이타북스,2020년 11월,"14,220"
완장,윤흥길,현대문학,2011년 04월,"10,800"
하얀 늑대들 8,윤현승,제우미디어,2019년 07월,"15,120"
막 너머에 신이 있다면,김준녕,허블,2022년 08월,"14,400"
로기완을 만났다,조해진,창비,2011년 04월,"11,700"
1980년 5월 24일,조성기,한길사,2023년 03월,"14,850"
혼불 3,최명희,매안출판사,2009년 07월,"10,450"
마법소녀 은퇴합니다,박서련,창비,2022년 04월,"12,600"
유원,백온유,창비,2020년 06월,"11,700"
피해자,마동주,닥터지킬,2023년 11월,"15,120"
복수 법률 사무소 세트,도진기,황금가지,2022년 12월,"35,100"
"친애하고, 친애하는",백수린,현대문학,2019년 02월,"12,600"
누구도 울지 않는 밤,김이설,문학과지성사,2023년 03월,"14,400"
고구려 2,김진명,이타북스,2021년 06월,"14,220"
빛의 호위,조해진,창비,2017년 02월,"13,500"
반에 반의 반,천운영,문학동네,2023년 02월,"13,500"
하얀 늑대들 10,윤현승,제우미디어,2020년 02월,"15,120"
백 명 버튼,김동식,위즈덤하우스,2023년 04월,"11,700"
까칠한 재석이가 돌아왔다,고정욱,애플북스,2021년 12월,"10,800"
덕혜옹주,권비영,다산책방,2015년 10월,"12,420"
러브 알러지,박한솔,팩토리나인,2023년 04월,"13,500"
이국에서,이승우,은행나무,2022년 09월,"14,400"
천변풍경,박태원,문학과지성사,2005년 01월,"9,900"
세계는 이렇게 바뀐다,단요,사계절,2023년 09월,"13,500"
